spin_true,inclination_deg,conditions,mean_bias_mean,mean_abs_bias,max_abs_bias,mean_rmse,mean_coverage_68,mean_coverage_95,mean_chi2_per_dof,failed_conditions
-0.5,40.0,6,0.8135209695561324,0.8242112848624572,1.2327985656067861,0.8264935741193691,0.135,0.29,5.970492962461427,0
-0.5,70.0,6,0.3809167361994616,0.388613867018009,0.5924842173165279,0.3903516215381013,0.16,0.285,2.594703334598796,0
0.0,40.0,6,0.4250006100790473,0.42752789724077706,0.6582389799125621,0.4305346260585828,0.24,0.33,2.0590977102239947,0
0.0,70.0,6,0.38747195084850866,0.39275979204336275,0.5897513734885768,0.3942556299603141,0.18833333333333332,0.30833333333333335,2.6396851500133565,0
0.5,40.0,6,0.22492081347596246,0.23306298943684434,0.3495131388857914,0.2346814680264432,0.16333333333333333,0.2916666666666667,2.883009070078827,0
0.5,70.0,6,0.2904477408655632,0.3016443651989066,0.44834964024035073,0.30248621529471365,0.05333333333333334,0.155,33.326053358008316,0
0.9,40.0,6,0.011616534945678226,0.021293476641535972,0.03027844583228761,0.023996606042030796,0.11,0.39166666666666666,1.863746659856769,0
0.9,70.0,6,0.025776694294054922,0.025776694294054922,0.03082625573447715,0.02735857551714192,0.075,0.29666666666666663,1.491728321888093,0
