spin_true,inclination_deg,conditions,mean_bias_mean,mean_abs_bias,max_abs_bias,mean_rmse,mean_coverage_68,mean_coverage_95,mean_chi2_per_dof,failed_conditions
-0.5,40.0,6,0.05072866477864967,0.14826424056424703,0.21633667046706198,0.15319530276599821,0.1388888888888889,0.2722222222222222,5.452013415179447,0
-0.5,70.0,6,-0.18907475072949223,0.18907475072949223,0.26264851963064717,0.2136958507048157,0.17777777777777778,0.4166666666666667,5.182814858794668,0
0.0,40.0,6,0.1958329356468577,0.3163139241232397,0.41210645400286006,0.32969117282961496,0.22777777777777777,0.3111111111111111,7.628340158127337,0
0.0,70.0,6,-0.0369046227951637,0.08121773178244007,0.11075990144872787,0.14345471168790805,0.3555555555555556,0.7666666666666667,17.814202402784108,0
0.5,40.0,6,0.14207689462359938,0.1557941789325398,0.22814927770313373,0.1575456963552867,0.005555555555555556,0.07222222222222223,2.9703880911376577,0
0.5,70.0,6,0.14721475468289671,0.15008561611217464,0.22322841429169854,0.15440277742536582,0.0,0.12777777777777777,3.8015744367323197,0
0.9,40.0,6,0.011154808911077549,0.026471629563693772,0.043711285494008045,0.03717881767607922,0.2833333333333333,0.6055555555555555,3.9605348714089637,0
0.9,70.0,6,0.00130454413388972,0.05292260570321664,0.08398704204787827,0.05407217596332991,0.005555555555555556,0.08333333333333333,2.9085143063752805,0
