a_star,emission_radius,sample_count,escaped,captured,returning,max_steps,numerical_failure,escaped_fraction,captured_fraction,returning_fraction
0.0,7.199999999999999,24,22,2,0,0,0,0.9166666666666666,0.08333333333333333,0.0
0.0,12.0,24,21,1,2,0,0,0.875,0.041666666666666664,0.08333333333333333
0.9,2.7850596501142646,24,12,7,5,0,0,0.5,0.2916666666666667,0.20833333333333334
0.9,4.641766083523774,24,18,2,3,0,1,0.75,0.08333333333333333,0.125
