a_star,inclination_deg,screen_size,disk_hits,reference_screen_size,relative_l1_spectrum_delta
0.0,40.0,3,9,7,0.007106162020907016
0.0,40.0,5,25,7,0.0014522103000332506
0.0,40.0,7,49,7,0.0
0.9,70.0,3,9,7,0.0038651579467882022
0.9,70.0,5,25,7,0.000460359411225091
0.9,70.0,7,49,7,0.0
